{"mc":{
	"monster_10001":{
		"frameRate":24,
		"labels":[
			{"name":"standfront","frame":1,"end":3}
			,{"name":"standback","frame":4,"end":6}
			,{"name":"runfront","frame":7,"end":12}
			,{"name":"runback","frame":13,"end":18}
			,{"name":"attackfront","frame":19,"end":24}
			,{"name":"attackback","frame":25,"end":30}
			
			],
		"events":[
			
			],
		"frames":[
			
			{
			"res":"1001",
			"x":-46,
			"y":-102
			},
			{
			"res":"1002",
			"x":-51,
			"y":-102
			},
			{
			"res":"1003",
			"x":-52,
			"y":-102
			},
			{
			"res":"2001",
			"x":-42,
			"y":-99
			},
			{
			"res":"2002",
			"x":-46,
			"y":-98
			},
			{
			"res":"2003",
			"x":-46,
			"y":-98
			},
			{
			"res":"3001",
			"x":-55,
			"y":-95
			},
			{
			"res":"3002",
			"x":-52,
			"y":-99
			},
			{
			"res":"3003",
			"x":-56,
			"y":-97
			},
			{
			"res":"3004",
			"x":-59,
			"y":-93
			},
			{
			"res":"3005",
			"x":-60,
			"y":-96
			},
			{
			"res":"3006",
			"x":-61,
			"y":-96
			},
			{
			"res":"4001",
			"x":-51,
			"y":-105
			},
			{
			"res":"4002",
			"x":-53,
			"y":-106
			},
			{
			"res":"4003",
			"x":-51,
			"y":-104
			},
			{
			"res":"4004",
			"x":-50,
			"y":-104
			},
			{
			"res":"4005",
			"x":-53,
			"y":-106
			},
			{
			"res":"4006",
			"x":-49,
			"y":-103
			},
			{
			"res":"5001",
			"x":-45,
			"y":-102
			},
			{
			"res":"5002",
			"x":-51,
			"y":-92
			},
			{
			"res":"5003",
			"x":-65,
			"y":-109
			},
			{
			"res":"5004",
			"x":-63,
			"y":-119
			},
			{
			"res":"5005",
			"x":-38,
			"y":-85
			},
			{
			"res":"5006",
			"x":-38,
			"y":-82
			},
			{
			"res":"6001",
			"x":-39,
			"y":-99
			},
			{
			"res":"6002",
			"x":-39,
			"y":-88
			},
			{
			"res":"6003",
			"x":-50,
			"y":-89
			},
			{
			"res":"6004",
			"x":-51,
			"y":-97
			},
			{
			"res":"6005",
			"x":-27,
			"y":-101
			},
			{
			"res":"6006",
			"x":-30,
			"y":-113
			}
			]
}},
	"res":{
		"5001":{"x":97,"y":231,"w":87,"h":122},
		"5002":{"x":103,"y":0,"w":108,"h":115},
		"5003":{"x":302,"y":123,"w":93,"h":117},
		"5004":{"x":281,"y":364,"w":77,"h":126},
		"5005":{"x":0,"y":131,"w":95,"h":113},
		"5006":{"x":213,"y":0,"w":101,"h":115},
		"2001":{"x":94,"y":355,"w":87,"h":114},
		"2002":{"x":183,"y":461,"w":85,"h":113},
		"2003":{"x":0,"y":358,"w":86,"h":113},
		"4001":{"x":316,"y":0,"w":95,"h":121},
		"4002":{"x":186,"y":352,"w":93,"h":107},
		"4003":{"x":362,"y":567,"w":87,"h":109},
		"4004":{"x":174,"y":576,"w":82,"h":115},
		"4005":{"x":0,"y":587,"w":87,"h":107},
		"4006":{"x":360,"y":452,"w":85,"h":113},
		"1001":{"x":281,"y":242,"w":85,"h":120},
		"1002":{"x":413,"y":122,"w":91,"h":120},
		"1003":{"x":413,"y":0,"w":92,"h":120},
		"6001":{"x":88,"y":471,"w":84,"h":114},
		"6002":{"x":258,"y":675,"w":87,"h":104},
		"6003":{"x":270,"y":567,"w":90,"h":106},
		"6004":{"x":186,"y":236,"w":93,"h":114},
		"6005":{"x":206,"y":117,"w":94,"h":117},
		"6006":{"x":0,"y":0,"w":101,"h":129},
		"3001":{"x":347,"y":678,"w":87,"h":102},
		"3002":{"x":0,"y":473,"w":86,"h":110},
		"3003":{"x":0,"y":246,"w":92,"h":110},
		"3004":{"x":368,"y":244,"w":103,"h":99},
		"3005":{"x":103,"y":117,"w":101,"h":112},
		"3006":{"x":368,"y":345,"w":97,"h":105}
	}}