{"mc":{
	"npc_10001":{
		"frameRate":24,
		"labels":[
			{"name":"standfront","frame":1,"end":5}
			
			],
		"events":[
			
			],
		"frames":[
			
			{
			"res":"1",
			"x":-66,
			"y":-136
			},
			{
			"res":"2",
			"x":-68,
			"y":-136
			},
			{
			"res":"3",
			"x":-76,
			"y":-137
			},
			{
			"res":"4",
			"x":-77,
			"y":-137
			},
			{
			"res":"5",
			"x":-72,
			"y":-136
			}
			]
}},
	"res":{
		"1":{"x":130,"y":321,"w":116,"h":160},
		"2":{"x":130,"y":0,"w":119,"h":162},
		"3":{"x":0,"y":0,"w":128,"h":163},
		"4":{"x":0,"y":165,"w":128,"h":162},
		"5":{"x":130,"y":164,"w":122,"h":155}
	}}