{"mc":{
	"player_10002_standfront":{
		"frameRate":24,
		"labels":[
			{"name":"standfront","frame":1,"end":8}
			
			],
		"events":[
			
			],
		"frames":[
			
			{
			"res":"1",
			"x":-56,
			"y":-110
			},
			{
			"res":"2",
			"x":-59,
			"y":-110
			},
			{
			"res":"3",
			"x":-62,
			"y":-110
			},
			{
			"res":"4",
			"x":-63,
			"y":-110
			},
			{
			"res":"5",
			"x":-58,
			"y":-110
			},
			{
			"res":"6",
			"x":-55,
			"y":-110
			},
			{
			"res":"7",
			"x":-57,
			"y":-110
			},
			{
			"res":"8",
			"x":-58,
			"y":-110
			}
			]
}},
	"res":{
		"1":{"x":257,"y":153,"w":125,"h":148},
		"2":{"x":131,"y":0,"w":128,"h":149},
		"3":{"x":261,"y":0,"w":126,"h":151},
		"4":{"x":0,"y":0,"w":129,"h":152},
		"5":{"x":131,"y":151,"w":124,"h":152},
		"6":{"x":389,"y":0,"w":121,"h":150},
		"7":{"x":384,"y":153,"w":124,"h":147},
		"8":{"x":0,"y":154,"w":127,"h":145}
	}}