{"mc":{
	"player_10001":{
		"frameRate":24,
		"labels":[
			{"name":"standfront","frame":1,"end":8}
			,{"name":"standback","frame":9,"end":16}
			,{"name":"runfront","frame":17,"end":24}
			,{"name":"runback","frame":25,"end":32}
			
			],
		"events":[
			
			],
		"frames":[
			
			{
			"res":"1001",
			"x":-39,
			"y":-96
			},
			{
			"res":"1002",
			"x":-35,
			"y":-96
			},
			{
			"res":"1003",
			"x":-36,
			"y":-96
			},
			{
			"res":"1004",
			"x":-36,
			"y":-96
			},
			{
			"res":"1005",
			"x":-40,
			"y":-96
			},
			{
			"res":"1006",
			"x":-42,
			"y":-95
			},
			{
			"res":"1007",
			"x":-42,
			"y":-95
			},
			{
			"res":"1008",
			"x":-41,
			"y":-96
			},
			{
			"res":"2001",
			"x":-41,
			"y":-91
			},
			{
			"res":"2002",
			"x":-38,
			"y":-91
			},
			{
			"res":"2003",
			"x":-36,
			"y":-90
			},
			{
			"res":"2004",
			"x":-37,
			"y":-90
			},
			{
			"res":"2005",
			"x":-39,
			"y":-90
			},
			{
			"res":"2006",
			"x":-42,
			"y":-91
			},
			{
			"res":"2007",
			"x":-42,
			"y":-91
			},
			{
			"res":"2008",
			"x":-42,
			"y":-91
			},
			{
			"res":"3001",
			"x":-56,
			"y":-82
			},
			{
			"res":"3002",
			"x":-55,
			"y":-86
			},
			{
			"res":"3003",
			"x":-58,
			"y":-86
			},
			{
			"res":"3004",
			"x":-57,
			"y":-82
			},
			{
			"res":"3005",
			"x":-59,
			"y":-83
			},
			{
			"res":"3006",
			"x":-58,
			"y":-87
			},
			{
			"res":"3007",
			"x":-59,
			"y":-85
			},
			{
			"res":"3008",
			"x":-59,
			"y":-80
			},
			{
			"res":"4001",
			"x":-51,
			"y":-87
			},
			{
			"res":"4002",
			"x":-46,
			"y":-91
			},
			{
			"res":"4003",
			"x":-48,
			"y":-91
			},
			{
			"res":"4004",
			"x":-49,
			"y":-85
			},
			{
			"res":"4005",
			"x":-48,
			"y":-86
			},
			{
			"res":"4006",
			"x":-48,
			"y":-91
			},
			{
			"res":"4007",
			"x":-50,
			"y":-89
			},
			{
			"res":"4008",
			"x":-49,
			"y":-84
			}
			]
}},
	"res":{
		"3008":{"x":84,"y":224,"w":88,"h":94},
		"2001":{"x":413,"y":211,"w":82,"h":103},
		"2002":{"x":432,"y":0,"w":78,"h":103},
		"2003":{"x":96,"y":410,"w":74,"h":101},
		"2004":{"x":437,"y":105,"w":73,"h":101},
		"2005":{"x":172,"y":426,"w":73,"h":101},
		"2006":{"x":174,"y":216,"w":78,"h":102},
		"2007":{"x":0,"y":317,"w":80,"h":101},
		"2008":{"x":0,"y":213,"w":82,"h":102},
		"4001":{"x":0,"y":112,"w":87,"h":99},
		"4002":{"x":255,"y":323,"w":76,"h":103},
		"4003":{"x":415,"y":512,"w":74,"h":88},
		"4004":{"x":333,"y":323,"w":75,"h":88},
		"4005":{"x":175,"y":323,"w":78,"h":101},
		"4006":{"x":413,"y":316,"w":79,"h":103},
		"4007":{"x":333,"y":421,"w":80,"h":95},
		"4008":{"x":247,"y":428,"w":82,"h":88},
		"1001":{"x":86,"y":0,"w":83,"h":110},
		"1002":{"x":254,"y":211,"w":78,"h":110},
		"1003":{"x":89,"y":112,"w":78,"h":110},
		"1004":{"x":334,"y":211,"w":77,"h":110},
		"1005":{"x":171,"y":104,"w":81,"h":110},
		"1006":{"x":262,"y":0,"w":83,"h":109},
		"1007":{"x":347,"y":0,"w":83,"h":109},
		"1008":{"x":0,"y":0,"w":84,"h":110},
		"3001":{"x":0,"y":503,"w":83,"h":80},
		"3002":{"x":415,"y":421,"w":83,"h":89},
		"3003":{"x":171,"y":0,"w":89,"h":102},
		"3004":{"x":254,"y":111,"w":90,"h":98},
		"3005":{"x":0,"y":420,"w":94,"h":81},
		"3006":{"x":82,"y":320,"w":91,"h":88},
		"3007":{"x":346,"y":111,"w":89,"h":98}
	}}