{"mc":{
	"player_10002_attackfront":{
		"frameRate":24,
		"labels":[
			{"name":"attackfront","frame":1,"end":5}
			
			],
		"events":[
			
			],
		"frames":[
			
			{
			"res":"11",
			"x":-112,
			"y":-115
			},
			{
			"res":"12",
			"x":-85,
			"y":-94
			},
			{
			"res":"13",
			"x":-107,
			"y":-98
			},
			{
			"res":"14",
			"x":-122,
			"y":-93
			},
			{
			"res":"15",
			"x":-124,
			"y":-82
			}
			]
}},
	"res":{
		"11":{"x":0,"y":143,"w":177,"h":134},
		"12":{"x":179,"y":274,"w":168,"h":131},
		"13":{"x":209,"y":130,"w":180,"h":142},
		"14":{"x":0,"y":0,"w":207,"h":141},
		"15":{"x":209,"y":0,"w":200,"h":128}
	}}