{"mc":{
	"player_10002_standback":{
		"frameRate":24,
		"labels":[
			{"name":"standback","frame":1,"end":8}
			
			],
		"events":[
			
			],
		"frames":[
			
			{
			"res":"1",
			"x":-76,
			"y":-109
			},
			{
			"res":"2",
			"x":-69,
			"y":-109
			},
			{
			"res":"3",
			"x":-61,
			"y":-108
			},
			{
			"res":"4",
			"x":-62,
			"y":-108
			},
			{
			"res":"5",
			"x":-64,
			"y":-108
			},
			{
			"res":"6",
			"x":-69,
			"y":-108
			},
			{
			"res":"7",
			"x":-76,
			"y":-109
			},
			{
			"res":"8",
			"x":-78,
			"y":-109
			}
			]
}},
	"res":{
		"1":{"x":0,"y":173,"w":134,"h":165},
		"2":{"x":125,"y":351,"w":126,"h":171},
		"3":{"x":272,"y":174,"w":119,"h":183},
		"4":{"x":0,"y":340,"w":123,"h":176},
		"5":{"x":142,"y":172,"w":128,"h":177},
		"6":{"x":282,"y":0,"w":134,"h":172},
		"7":{"x":0,"y":0,"w":140,"h":171},
		"8":{"x":142,"y":0,"w":138,"h":170}
	}}