{"mc":{
	"player_10002_runfront":{
		"frameRate":24,
		"labels":[
			{"name":"runfront","frame":1,"end":8}
			
			],
		"events":[
			
			],
		"frames":[
			
			{
			"res":"1",
			"x":-104,
			"y":-104
			},
			{
			"res":"2",
			"x":-108,
			"y":-99
			},
			{
			"res":"3",
			"x":-94,
			"y":-101
			},
			{
			"res":"4",
			"x":-81,
			"y":-109
			},
			{
			"res":"5",
			"x":-83,
			"y":-103
			},
			{
			"res":"6",
			"x":-74,
			"y":-101
			},
			{
			"res":"7",
			"x":-86,
			"y":-99
			},
			{
			"res":"8",
			"x":-100,
			"y":-108
			}
			]
}},
	"res":{
		"1":{"x":166,"y":0,"w":158,"h":122},
		"2":{"x":0,"y":0,"w":164,"h":124},
		"3":{"x":166,"y":124,"w":149,"h":125},
		"4":{"x":0,"y":126,"w":137,"h":133},
		"5":{"x":317,"y":134,"w":138,"h":123},
		"6":{"x":271,"y":259,"w":119,"h":125},
		"7":{"x":139,"y":251,"w":130,"h":125},
		"8":{"x":326,"y":0,"w":146,"h":132}
	}}