{"mc":{
	"player_10002_runback":{
		"frameRate":24,
		"labels":[
			{"name":"runback","frame":1,"end":8}
			
			],
		"events":[
			
			],
		"frames":[
			
			{
			"res":"1",
			"x":-77,
			"y":-98
			},
			{
			"res":"2",
			"x":-74,
			"y":-101
			},
			{
			"res":"3",
			"x":-80,
			"y":-101
			},
			{
			"res":"4",
			"x":-84,
			"y":-97
			},
			{
			"res":"5",
			"x":-100,
			"y":-98
			},
			{
			"res":"6",
			"x":-101,
			"y":-102
			},
			{
			"res":"7",
			"x":-94,
			"y":-100
			},
			{
			"res":"8",
			"x":-87,
			"y":-95
			}
			]
}},
	"res":{
		"1":{"x":376,"y":267,"w":115,"h":132},
		"2":{"x":141,"y":139,"w":111,"h":146},
		"3":{"x":0,"y":150,"w":117,"h":137},
		"4":{"x":254,"y":267,"w":120,"h":131},
		"5":{"x":141,"y":0,"w":140,"h":137},
		"6":{"x":0,"y":0,"w":139,"h":148},
		"7":{"x":283,"y":0,"w":135,"h":133},
		"8":{"x":283,"y":135,"w":138,"h":130}
	}}