{"mc":{
	"player_10002_attackback":{
		"frameRate":24,
		"labels":[
			{"name":"attackback","frame":1,"end":5}
			
			],
		"events":[
			
			],
		"frames":[
			
			{
			"res":"11",
			"x":-114,
			"y":-89
			},
			{
			"res":"12",
			"x":-76,
			"y":-95
			},
			{
			"res":"13",
			"x":-65,
			"y":-96
			},
			{
			"res":"14",
			"x":-58,
			"y":-97
			},
			{
			"res":"15",
			"x":-58,
			"y":-97
			}
			]
}},
	"res":{
		"11":{"x":162,"y":0,"w":154,"h":170},
		"12":{"x":0,"y":0,"w":160,"h":172},
		"13":{"x":318,"y":0,"w":141,"h":152},
		"14":{"x":162,"y":172,"w":146,"h":132},
		"15":{"x":318,"y":154,"w":149,"h":131}
	}}