{"file":"common1.png","frames":{
"Anniu1":{"x":847,"y":278,"w":85,"h":84,"offX":0,"offY":0,"sourceW":85,"sourceH":84},
"Anniubang":{"x":772,"y":294,"w":66,"h":39,"offX":0,"offY":0,"sourceW":66,"sourceH":39},
"Anniuchong":{"x":341,"y":208,"w":184,"h":54,"offX":0,"offY":0,"sourceW":191,"sourceH":54},
"Anniudeng":{"x":0,"y":273,"w":163,"h":55,"offX":0,"offY":0,"sourceW":163,"sourceH":55},
"Anniufang":{"x":341,"y":264,"w":104,"h":94,"offX":0,"offY":0,"sourceW":104,"sourceH":94},
"Anniuqi":{"x":201,"y":316,"w":84,"h":35,"offX":0,"offY":0,"sourceW":84,"sourceH":35},
"Anniuqing":{"x":527,"y":230,"w":158,"h":62,"offX":0,"offY":0,"sourceW":158,"sourceH":62},
"Anniuqing1":{"x":687,"y":230,"w":158,"h":62,"offX":0,"offY":0,"sourceW":158,"sourceH":62},
"Anniuxiu1":{"x":874,"y":0,"w":137,"h":136,"offX":0,"offY":0,"sourceW":137,"sourceH":136},
"Anniuzi":{"x":841,"y":0,"w":28,"h":45,"offX":0,"offY":0,"sourceW":28,"sourceH":45},
"Dihong1":{"x":841,"y":47,"w":23,"h":23,"offX":0,"offY":0,"sourceW":23,"sourceH":23},
"Dikuangling":{"x":0,"y":208,"w":213,"h":63,"offX":0,"offY":0,"sourceW":213,"sourceH":63},
"Diqiandao":{"x":599,"y":130,"w":273,"h":98,"offX":0,"offY":0,"sourceW":273,"sourceH":98},
"Diqiandao1":{"x":0,"y":145,"w":543,"h":61,"offX":0,"offY":0,"sourceW":543,"sourceH":61},
"Diqiandao3":{"x":447,"y":294,"w":323,"h":22,"offX":0,"offY":0,"sourceW":323,"sourceH":22},
"Diqiandao4":{"x":874,"y":138,"w":121,"h":138,"offX":0,"offY":0,"sourceW":121,"sourceH":138},
"Diqing":{"x":215,"y":208,"w":124,"h":106,"offX":0,"offY":0,"sourceW":124,"sourceH":106},
"Diqing2":{"x":934,"y":278,"w":74,"h":72,"offX":0,"offY":0,"sourceW":74,"sourceH":72},
"Dixiangou":{"x":552,"y":318,"w":210,"h":9,"offX":0,"offY":0,"sourceW":210,"sourceH":9},
"Dizhushou":{"x":599,"y":0,"w":240,"h":128,"offX":0,"offY":0,"sourceW":240,"sourceH":128},
"Heidibang":{"x":447,"y":318,"w":103,"h":22,"offX":0,"offY":0,"sourceW":103,"sourceH":22},
"Heidibang1":{"x":545,"y":145,"w":48,"h":45,"offX":0,"offY":0,"sourceW":48,"sourceH":45},
"Kuangbang2":{"x":0,"y":0,"w":597,"h":143,"offX":0,"offY":0,"sourceW":597,"sourceH":143},
"Shouchongdi1":{"x":165,"y":273,"w":34,"h":90,"offX":0,"offY":0,"sourceW":34,"sourceH":90},
"Guanbixun":{"x":287,"y":316,"w":34,"h":37,"offX":0,"offY":0,"sourceW":34,"sourceH":37}}}