{"file":"main1.png","frames":{
"Lingchongtubiao":{"x":295,"y":0,"w":70,"h":70,"offX":0,"offY":0,"sourceW":70,"sourceH":70},
"Renwutouxiangkuang":{"x":0,"y":0,"w":293,"h":71,"offX":0,"offY":0,"sourceW":293,"sourceH":71},
"Renwutubiao1":{"x":439,"y":0,"w":70,"h":69,"offX":0,"offY":0,"sourceW":70,"sourceH":70},
"Shejiao":{"x":295,"y":72,"w":69,"h":69,"offX":0,"offY":0,"sourceW":70,"sourceH":70},
"Shenbingtubiao":{"x":367,"y":0,"w":70,"h":69,"offX":0,"offY":0,"sourceW":70,"sourceH":70},
"Shezhitubiao":{"x":439,"y":71,"w":70,"h":69,"offX":0,"offY":0,"sourceW":70,"sourceH":70},
"Xuetiaorenwu":{"x":0,"y":73,"w":184,"h":13,"offX":0,"offY":0,"sourceW":184,"sourceH":13},
"Zuoqitubiao":{"x":367,"y":71,"w":70,"h":69,"offX":0,"offY":0,"sourceW":70,"sourceH":70}}}